City_ID,City,Lat,Lng,Max Temp,Humidity,Cloudiness,Wind Speed,Country,Weather Description
0,Hasaki,35.7333,140.8333,64.8,76,97,7.54,JP,overcast clouds
1,Cape Town,-33.9258,18.4232,56.12,90,20,2.17,ZA,few clouds
2,Rio Grande,-32.035,-52.0986,50.95,68,28,9.35,BR,scattered clouds
3,Hilo,19.7297,-155.09,91.27,69,90,13.8,US,overcast clouds
4,Ushuaia,-54.8,-68.3,29.86,100,75,4.61,AR,light snow
5,Yar-Sale,66.8333,70.8333,39.34,72,22,12.21,RU,few clouds
6,Barrow,71.2906,-156.7887,33.82,75,90,14.97,US,overcast clouds
7,Puerto Ayora,-0.7393,-90.3518,80.56,88,43,5.99,EC,scattered clouds
8,Urusha,54.05,122.9,50.58,93,100,9.19,RU,overcast clouds
9,Punta Arenas,-53.15,-70.9167,35.71,64,0,5.03,CL,clear sky
10,Puri,19.8,85.85,87.39,91,75,13.06,IN,broken clouds
11,Hobart,-42.8794,147.3294,51.66,67,0,4.0,AU,clear sky
12,Voh,-20.9667,164.7,71.87,53,15,11.56,NC,few clouds
13,Wanning,18.8003,110.3967,81.88,92,100,8.68,CN,overcast clouds
14,Lata,40.1629,-8.3327,64.04,95,16,1.95,PT,few clouds
15,Bengkulu,-3.8004,102.2655,75.22,93,99,3.85,ID,overcast clouds
16,Yumen,40.2833,97.2,60.91,15,8,5.66,CN,clear sky
17,Ribeira Grande,38.5167,-28.7,61.16,74,68,19.04,PT,broken clouds
18,Albany,42.6001,-73.9662,68.25,62,66,6.62,US,broken clouds
19,Maceio,-9.6658,-35.7353,74.64,94,75,6.31,BR,mist
20,Nikolskoye,59.7035,30.7861,49.89,94,100,4.41,RU,overcast clouds
21,Lagoa,39.05,-27.9833,59.95,71,68,16.31,PT,broken clouds
22,Port Elizabeth,-33.918,25.5701,57.49,67,0,11.5,ZA,clear sky
23,Bontang,0.1333,117.5,77.88,89,100,5.82,ID,overcast clouds
24,Mount Isa,-20.7333,139.5,64.17,63,12,9.22,AU,few clouds
25,Bay Roberts,47.5999,-53.2648,54.03,65,96,1.01,CA,overcast clouds
26,Murray Bridge,-35.1167,139.2667,59.85,42,98,8.68,AU,overcast clouds
27,New Norfolk,-42.7826,147.0587,51.3,72,100,1.01,AU,overcast clouds
28,Rikitea,-23.1203,-134.9692,73.99,66,29,18.01,PF,scattered clouds
29,Lebu,-37.6167,-73.65,57.24,99,100,9.8,CL,heavy intensity rain
30,Itambacuri,-18.0311,-41.685,71.53,67,75,4.92,BR,broken clouds
31,Georgetown,5.4112,100.3354,79.9,90,20,1.01,MY,few clouds
32,Ipixuna,-1.7625,-48.8043,80.55,91,78,3.71,BR,broken clouds
33,Ouahigouya,13.5828,-2.4216,97.54,20,93,6.8,BF,overcast clouds
34,Phan Thiet,10.9333,108.1,78.96,86,51,6.55,VN,broken clouds
35,Faanui,-16.4833,-151.75,78.35,67,26,13.56,PF,scattered clouds
36,Tomatlan,19.9333,-105.25,89.83,42,95,8.23,MX,overcast clouds
37,Qaanaaq,77.484,-69.3632,33.49,88,100,2.24,GL,overcast clouds
38,Atuona,-9.8,-139.0333,78.84,72,92,9.48,PF,light rain
39,Port-Gentil,-0.7193,8.7815,80.56,83,90,12.66,GA,overcast clouds
40,Sola,-13.8833,167.55,79.59,77,99,16.24,VU,overcast clouds
41,Hermanus,-34.4187,19.2345,55.9,81,25,4.92,ZA,light rain
42,Adamas,36.7333,24.4333,67.42,77,15,10.11,GR,few clouds
43,Opuwo,-18.0607,13.84,60.37,28,7,6.64,NA,clear sky
44,Massakory,12.996,15.7293,91.71,16,12,7.9,TD,few clouds
45,Pinega,64.7001,43.3936,41.38,83,20,5.39,RU,few clouds
46,Cidreira,-30.1811,-50.2056,53.78,64,21,7.09,BR,few clouds
47,Novovasylivka,46.8315,35.7536,59.99,92,100,14.36,UA,overcast clouds
48,Hobyo,5.3505,48.5268,78.26,87,78,24.2,SO,broken clouds
49,Miraflores,19.2167,-98.8083,79.45,47,86,5.68,MX,overcast clouds
50,Nuuk,64.1835,-51.7216,34.88,100,98,11.01,GL,overcast clouds
51,Mount Kisco,41.2043,-73.7271,72.82,53,20,1.01,US,few clouds
52,Saldanha,-33.0117,17.9442,53.65,81,24,3.62,ZA,few clouds
53,Buin,-33.7333,-70.75,70.12,35,31,5.1,CL,scattered clouds
54,Mataura,-46.1927,168.8643,49.48,88,55,2.73,NZ,broken clouds
55,Tashla,51.7716,52.7427,63.9,90,100,6.73,RU,overcast clouds
56,Sao Filipe,14.8961,-24.4956,73.53,78,49,9.51,CV,scattered clouds
57,Dikson,73.5069,80.5464,28.63,92,100,14.05,RU,overcast clouds
58,Mar Del Plata,-38.0023,-57.5575,53.13,50,0,3.44,AR,clear sky
59,Asfi,32.2994,-9.2372,63.68,83,2,7.18,MA,clear sky
60,Castro,-24.7911,-50.0119,56.17,98,99,2.82,BR,overcast clouds
61,Upernavik,72.7868,-56.1549,31.23,90,100,2.64,GL,overcast clouds
62,Borba,-4.3878,-59.5939,80.6,62,25,1.28,BR,scattered clouds
63,Cafelandia,-21.8025,-49.61,61.3,93,47,6.55,BR,scattered clouds
64,Xocotla,19.0333,-97.1,66.0,81,89,4.59,MX,overcast clouds
65,Kenai,60.5544,-151.2583,64.45,44,90,19.57,US,overcast clouds
66,Busselton,-33.65,115.3333,51.08,89,43,7.49,AU,scattered clouds
67,Beira,-19.8436,34.8389,66.29,94,20,3.44,MZ,few clouds
68,Verkhoyansk,67.5447,133.385,49.87,73,99,2.84,RU,overcast clouds
69,Port Lincoln,-34.7333,135.8667,60.01,45,99,11.65,AU,overcast clouds
70,Kropotkin,45.4375,40.5756,60.96,83,82,8.19,RU,broken clouds
71,Kocerin,43.3897,17.485,59.31,82,2,6.24,BA,clear sky
72,Ponta Do Sol,32.6667,-17.1,67.01,82,64,4.23,PT,broken clouds
73,Butaritari,3.0707,172.7902,83.7,77,78,18.75,KI,broken clouds
74,Sorland,67.667,12.6934,48.24,83,100,3.78,NO,overcast clouds
75,Nanortalik,60.1432,-45.2371,38.12,91,31,11.92,GL,scattered clouds
76,Hithadhoo,-0.6,73.0833,83.68,67,89,17.58,MV,overcast clouds
77,Cabo San Lucas,22.8909,-109.9124,98.51,53,1,5.75,MX,clear sky
78,Haines Junction,60.7522,-137.5108,49.95,81,100,2.3,CA,light rain
79,Bluff,-46.6,168.3333,46.62,77,88,11.41,NZ,overcast clouds
80,Kalmunai,7.4167,81.8167,80.06,79,100,2.98,LK,overcast clouds
81,Prince Rupert,54.3161,-130.3201,57.29,91,90,16.11,CA,moderate rain
82,Souillac,-20.5167,57.5167,71.98,83,20,7.18,MU,few clouds
83,Vila Franca Do Campo,37.7167,-25.4333,61.21,79,98,14.34,PT,overcast clouds
84,Biak,-0.9131,122.8766,77.86,83,82,5.53,ID,broken clouds
85,Jamestown,42.097,-79.2353,69.12,39,1,4.0,US,clear sky
86,Narsaq,60.9167,-46.05,46.62,80,36,2.68,GL,scattered clouds
87,Porto Santo,33.072,-16.3415,66.31,88,20,4.61,PT,few clouds
88,Dingle,10.9995,122.6711,80.56,82,100,0.98,PH,overcast clouds
89,Lavrentiya,65.5833,-171.0,35.56,73,66,10.18,RU,broken clouds
90,Tanout,14.9709,8.8879,85.95,11,1,11.03,NE,clear sky
91,Tuktoyaktuk,69.4541,-133.0374,32.0,80,90,14.97,CA,overcast clouds
92,Nishihara,26.1842,127.7558,76.28,85,75,15.97,JP,broken clouds
93,Saskylakh,71.9167,114.0833,39.09,97,100,15.05,RU,moderate rain
94,Jalu,29.0331,21.5482,77.54,35,0,15.3,LY,clear sky
95,Vaini,-21.2,-175.2,71.76,94,90,0.0,TO,overcast clouds
96,Jardim,-21.4803,-56.1381,67.41,87,80,3.42,BR,broken clouds
97,Provideniya,64.3833,-173.3,46.51,57,0,11.18,RU,clear sky
98,Cairns,-16.9167,145.7667,72.07,88,65,12.66,AU,broken clouds
99,Henties Bay,-22.116,14.2845,54.86,89,0,10.16,NA,clear sky
100,Sakaiminato,35.55,133.2333,60.78,88,20,3.44,JP,few clouds
101,Kirakira,-10.4544,161.9205,80.67,84,97,10.4,SB,overcast clouds
102,Chokurdakh,70.6333,147.9167,66.02,30,37,10.25,RU,scattered clouds
103,Urumqi,43.801,87.6005,68.95,24,0,2.19,CN,clear sky
104,Palo Alto,37.4419,-122.143,105.49,39,1,1.01,US,clear sky
105,Tura,25.5198,90.2201,71.69,97,100,3.51,IN,overcast clouds
106,Thap Than,15.4606,99.8917,84.49,77,41,2.17,TH,scattered clouds
107,Katsuura,35.1333,140.3,64.51,81,81,12.21,JP,broken clouds
108,Norman Wells,65.282,-126.8329,66.24,45,40,10.36,CA,scattered clouds
109,Clyde River,70.4692,-68.5914,25.03,100,90,3.44,CA,overcast clouds
110,Kapaa,22.0752,-159.319,86.11,70,90,1.01,US,overcast clouds
111,Ketchikan,55.3422,-131.6461,57.18,98,100,9.93,US,heavy intensity rain
112,Karasjok,69.4719,25.5112,46.51,82,100,9.84,NO,overcast clouds
113,Carnarvon,-24.8667,113.6333,53.67,94,0,10.36,AU,clear sky
114,Crotone,39.0851,17.1178,55.92,65,33,5.75,IT,scattered clouds
115,Bam,29.106,58.357,85.69,9,0,6.31,IR,clear sky
116,Fuzhou,26.0614,119.3061,71.49,92,100,1.9,CN,overcast clouds
117,East London,-33.0153,27.9116,60.19,80,77,10.8,ZA,moderate rain
118,Coffs Harbour,-30.3,153.1333,51.76,93,52,0.0,AU,broken clouds
119,Esperance,-33.8667,121.9,57.04,77,95,20.98,AU,overcast clouds
120,Arraial Do Cabo,-22.9661,-42.0278,71.31,94,100,8.66,BR,light rain
121,Medea,36.2642,2.7539,59.45,85,100,8.01,DZ,overcast clouds
122,Tasiilaq,65.6145,-37.6368,39.36,82,77,1.41,GL,broken clouds
123,Guadalupe Y Calvo,26.1,-106.9667,74.79,18,98,11.83,MX,overcast clouds
124,Marystown,47.1666,-55.1483,48.85,100,100,10.63,CA,overcast clouds
125,Xochistlahuaca,16.7833,-98.25,87.37,59,92,5.82,MX,overcast clouds
126,Akcaabat,41.0212,39.5715,67.87,77,75,7.11,TR,broken clouds
127,Hit,33.6416,42.8251,87.4,14,0,4.88,IQ,clear sky
128,Panevezys,55.7333,24.35,49.12,78,99,4.09,LT,light rain
129,Saint Anthony,45.0205,-93.218,78.49,31,1,1.99,US,clear sky
130,Severo-Kurilsk,50.6789,156.125,37.53,98,100,21.41,RU,light rain
131,Pevek,69.7008,170.3133,39.67,70,4,4.63,RU,clear sky
132,Bethel,41.3712,-73.414,69.4,62,1,8.05,US,clear sky
133,Praia Da Vitoria,38.7333,-27.0667,59.76,72,20,16.64,PT,few clouds
134,Codrington,-38.2667,141.9667,47.37,45,99,10.8,AU,overcast clouds
135,Sao Joao Da Barra,-21.6403,-41.0511,73.76,91,49,7.16,BR,moderate rain
136,Victoria,22.2855,114.1577,81.32,95,100,5.08,HK,moderate rain
137,Karratha,-20.7377,116.8463,65.59,49,46,12.97,AU,scattered clouds
138,Tuatapere,-46.1333,167.6833,49.82,82,49,4.03,NZ,scattered clouds
139,Yellowknife,62.456,-114.3525,62.29,47,75,5.99,CA,broken clouds
140,Arman,59.7,150.1667,37.36,98,100,2.93,RU,overcast clouds
141,Conakry,9.538,-13.6773,80.67,83,0,4.61,GN,clear sky
142,Comodoro Rivadavia,-45.8667,-67.5,44.46,87,0,0.0,AR,clear sky
143,Namatanai,-3.6667,152.4333,81.91,79,94,2.53,PG,light rain
144,Dormidontovka,47.7702,134.9076,60.31,63,27,6.51,RU,scattered clouds
145,Yulara,-25.2406,130.9889,57.04,41,90,3.44,AU,overcast clouds
146,Camopi,3.1655,-52.3158,73.18,98,99,3.11,GF,overcast clouds
147,Andrychow,49.855,19.3383,49.62,61,9,1.48,PL,clear sky
148,Luderitz,-26.6481,15.1594,57.65,73,0,23.31,NA,clear sky
149,Odweyne,9.4092,45.064,75.04,57,24,12.33,SO,few clouds
150,Bambous Virieux,-20.3428,57.7575,71.85,83,20,7.36,MU,few clouds
151,Kaitangata,-46.2817,169.8464,49.93,74,74,7.02,NZ,broken clouds
152,Nyurba,63.2842,118.3319,63.86,38,19,8.52,RU,few clouds
153,Broome,42.2506,-75.833,69.6,43,1,3.0,US,clear sky
154,Vung Tau,10.346,107.0843,82.6,81,70,9.42,VN,light rain
155,Murgab,37.4966,61.9714,82.27,34,0,10.49,TM,clear sky
156,Alice Springs,-23.7,133.8833,51.35,43,97,10.2,AU,overcast clouds
157,Guerrero Negro,27.9769,-114.0611,69.94,52,0,14.05,MX,clear sky
158,Coos Bay,43.3665,-124.2179,92.86,64,1,24.16,US,clear sky
159,Ilulissat,69.2167,-51.1,33.82,75,75,5.75,GL,broken clouds
160,Dabakala,8.3667,-4.4333,73.8,98,57,2.1,CI,heavy intensity rain
161,Aklavik,68.2191,-135.0107,41.72,69,90,11.5,CA,overcast clouds
162,Cobourg,50.2667,10.9667,52.61,89,5,4.05,DE,clear sky
163,Kenora,49.8167,-94.4337,70.77,40,40,12.66,CA,scattered clouds
164,Mulatupo,8.9492,-77.7652,80.78,86,98,6.62,PA,overcast clouds
165,Vestmannaeyjar,63.4427,-20.2734,45.75,83,100,18.61,IS,overcast clouds
166,Cap Malheureux,-19.9842,57.6142,72.09,79,0,4.0,MU,clear sky
167,Berlevag,70.8578,29.0864,40.8,94,100,8.68,NO,overcast clouds
168,Katima Mulilo,-17.5,24.2667,55.31,48,85,4.23,NA,overcast clouds
169,Lamar,33.6668,-95.5836,74.64,80,90,8.14,US,overcast clouds
170,Ambilobe,-13.2,49.05,66.9,87,0,3.76,MG,clear sky
171,Vao,-22.6667,167.4833,71.1,55,83,18.41,NC,broken clouds
172,Champerico,14.3,-91.9167,90.14,65,31,6.6,GT,scattered clouds
173,Pemangkat,1.1667,108.9667,78.89,86,86,5.55,ID,overcast clouds
174,Tiksi,71.6872,128.8694,46.26,69,6,3.22,RU,clear sky
175,Saint-Philippe,-21.3585,55.7679,72.95,78,29,8.34,RE,scattered clouds
176,Constitucion,-35.3333,-72.4167,58.23,91,87,3.91,CL,overcast clouds
177,Winnemucca,40.973,-117.7357,84.25,12,1,6.78,US,clear sky
178,Along,28.1667,94.7667,71.26,99,100,0.78,IN,overcast clouds
179,Manaure,11.7751,-72.4445,85.39,63,99,19.84,CO,overcast clouds
180,Mabaruma,8.2,-59.7833,74.35,96,100,5.68,GY,overcast clouds
181,Mehamn,71.0357,27.8492,41.32,97,100,11.81,NO,overcast clouds
182,Katobu,-4.9408,122.5276,76.1,88,100,2.98,ID,overcast clouds
183,San Ignacio,17.1561,-89.0714,96.94,41,75,10.11,BZ,broken clouds
184,Mahebourg,-20.4081,57.7,71.89,83,20,3.44,MU,few clouds
185,Rabo De Peixe,37.8,-25.5833,60.31,88,75,15.59,PT,broken clouds
186,Haverfordwest,51.8017,-4.9691,59.56,87,100,8.7,GB,overcast clouds
187,Weligama,5.9667,80.4167,79.86,81,100,14.23,LK,overcast clouds
188,Stryn,61.9045,6.7226,57.15,70,98,1.41,NO,overcast clouds
189,Yerbogachen,61.2767,108.0108,57.51,55,42,5.39,RU,scattered clouds
190,Avarua,-21.2078,-159.775,77.05,57,20,10.36,CK,few clouds
191,Ravar,31.2656,56.8055,80.62,10,0,1.43,IR,clear sky
192,Kavieng,-2.5744,150.7967,81.95,76,93,7.56,PG,overcast clouds
193,Daura,11.5538,11.4085,82.78,47,56,12.24,NG,broken clouds
194,Anori,-3.7728,-61.6442,82.38,65,47,1.16,BR,scattered clouds
195,Thompson,55.7435,-97.8558,57.36,67,75,9.22,CA,broken clouds
196,Lysva,58.1086,57.8053,37.35,90,42,2.35,RU,scattered clouds
197,Kiunga,-6.1219,141.2906,75.99,88,85,3.65,PG,overcast clouds
198,Gat,31.61,34.7642,75.4,100,0,1.72,IL,clear sky
199,Padang,-0.9492,100.3543,77.04,84,64,3.94,ID,broken clouds
200,Chuy,-33.6971,-53.4616,55.27,70,24,9.66,UY,few clouds
201,Sobolevo,54.4299,31.8996,40.39,73,7,1.68,RU,clear sky
202,Trairi,-3.2778,-39.2689,79.34,81,8,10.63,BR,clear sky
203,Laguna,38.421,-121.4238,106.43,20,1,3.0,US,clear sky
204,Svetlaya,46.5389,138.3297,52.02,70,1,7.61,RU,clear sky
205,Kruisfontein,-34.0033,24.7314,48.88,83,3,7.7,ZA,clear sky
206,Paamiut,61.994,-49.6678,37.78,89,81,5.17,GL,broken clouds
207,Paka,4.6374,103.4368,76.98,100,91,4.47,MY,overcast clouds
208,Correntina,-13.3433,-44.6367,72.34,39,75,3.13,BR,broken clouds
209,Normandin,48.8333,-72.5321,60.93,59,100,13.8,CA,overcast clouds
210,Aginskoye,51.1,114.53,41.4,57,90,21.21,RU,overcast clouds
211,Ponta Delgada,37.7333,-25.6667,61.52,88,75,23.02,PT,broken clouds
212,Utete,-7.986,38.758,68.76,98,7,2.48,TZ,clear sky
213,Monrovia,6.3005,-10.7969,76.77,87,100,6.02,LR,light rain
214,Udachnyy,66.4167,112.4,56.17,50,100,7.65,RU,overcast clouds
215,Kahului,20.8947,-156.47,92.14,69,20,17.27,US,few clouds
216,Hofn,64.2539,-15.2082,45.64,86,68,2.66,IS,broken clouds
217,Moundou,8.5667,16.0833,78.62,66,90,6.96,TD,overcast clouds
218,Sergeyevka,53.88,67.4158,51.37,82,96,12.88,KZ,overcast clouds
219,Gladstone,-23.85,151.25,66.78,72,10,6.91,AU,clear sky
220,Gombe,10.2897,11.1673,79.52,52,77,6.76,NG,broken clouds
221,Chunhuhub,19.55,-88.6833,92.28,39,42,8.77,MX,scattered clouds
222,Khatanga,71.9667,102.5,34.59,82,83,10.83,RU,broken clouds
223,Bredasdorp,-34.5322,20.0403,54.28,87,5,7.49,ZA,clear sky
224,Tsumeb,-19.2333,17.7167,61.74,23,76,7.2,NA,broken clouds
225,Birao,10.2849,22.7882,87.62,28,24,4.83,CF,few clouds
226,Tahta,26.7693,31.5021,91.72,19,0,7.2,EG,clear sky
227,Liverpool,53.4106,-2.9779,63.68,67,20,8.34,GB,few clouds
228,Port Alfred,-33.5906,26.891,58.96,83,94,11.77,ZA,light rain
229,Kadirli,37.3739,36.0961,73.0,76,4,3.76,TR,clear sky
230,Husavik,66.0449,-17.3389,48.11,60,20,6.44,IS,few clouds
231,Saint-Pierre,-21.3393,55.4781,73.04,69,75,6.91,RE,broken clouds
232,Poya,-21.35,165.15,72.07,52,63,9.1,NC,broken clouds
233,Nouadhibou,20.931,-17.0347,66.18,88,0,20.71,MR,clear sky
234,Le Port,-20.9373,55.2919,73.36,87,2,5.95,RE,clear sky
235,Saint George,37.1041,-113.5841,99.07,9,1,1.99,US,clear sky
236,San Quintin,30.4833,-115.95,65.53,64,3,9.86,MX,clear sky
237,Araceli,10.5529,119.9913,82.51,81,100,5.75,PH,heavy intensity rain
238,Riyadh,24.6877,46.7219,91.45,17,0,5.75,SA,clear sky
239,Luba,3.4568,8.5547,75.09,87,100,5.5,GQ,light rain
240,Santa Isabel Do Rio Negro,-0.4139,-65.0192,78.46,85,76,0.74,BR,broken clouds
241,Gallipoli,40.4103,26.6708,58.86,88,100,4.92,TR,overcast clouds
242,Port Hedland,-20.3167,118.5667,66.25,45,40,11.5,AU,scattered clouds
243,Klaksvik,62.2266,-6.589,50.92,99,100,14.58,FO,overcast clouds
244,Richards Bay,-28.783,32.0377,66.65,70,99,14.63,ZA,overcast clouds
245,Longyearbyen,78.2186,15.6401,35.44,75,75,6.91,SJ,broken clouds
246,Aswan,24.0934,32.907,93.51,11,49,10.4,EG,scattered clouds
247,Leo,11.1,-2.1,81.99,62,100,9.91,BF,overcast clouds
248,Lahaina,20.8783,-156.6825,92.12,55,20,11.5,US,few clouds
249,Kyaikto,17.3,97.0167,79.54,86,100,3.06,MM,overcast clouds
250,Jinchang,38.4953,102.1739,63.55,28,1,11.36,CN,clear sky
251,Beringovskiy,63.05,179.3167,36.23,79,36,11.92,RU,scattered clouds
252,Atambua,-9.1061,124.8925,73.29,82,66,3.49,ID,broken clouds
253,Temir,49.1414,57.13,64.56,90,100,5.37,KZ,overcast clouds
254,Salalah,17.0151,54.0924,82.49,89,40,6.91,OM,scattered clouds
255,Sinjhoro,26.0303,68.809,84.33,71,0,20.07,PK,clear sky
256,Oranjemund,-28.55,16.4333,55.04,86,0,10.51,NA,clear sky
257,Lasa,46.6166,10.7002,61.68,76,5,3.91,IT,clear sky
258,Ancud,-41.8697,-73.8203,58.23,98,100,14.18,CL,light rain
259,Arlit,18.7369,7.3853,90.99,9,98,7.36,NE,overcast clouds
260,Shevchenkove,49.6959,37.1735,49.78,82,100,11.86,UA,light rain
261,Pudozh,61.8099,36.5345,41.23,68,95,0.98,RU,overcast clouds
262,Airai,-8.9266,125.4092,61.23,85,97,2.08,TL,overcast clouds
263,Vera Cruz,-12.6333,-41.0333,69.37,81,38,7.27,BR,scattered clouds
264,Tapejara,-28.0681,-52.0139,48.97,62,2,1.72,BR,clear sky
265,Aqtobe,50.2797,57.2072,69.89,64,0,4.47,KZ,clear sky
266,Naze,28.3667,129.4833,74.32,70,53,19.84,JP,broken clouds
267,Lucapa,-8.4192,20.7447,62.89,41,19,4.0,AO,few clouds
268,Arkhangelsk,64.5401,40.5433,42.91,87,40,4.61,RU,scattered clouds
269,Manadhoo,5.7667,73.3833,82.89,71,89,19.71,MV,overcast clouds
270,Tsiroanomandidy,-18.7667,46.0333,66.87,65,96,3.29,MG,overcast clouds
271,Jesus Carranza,17.4333,-95.0333,93.88,42,83,4.54,MX,broken clouds
272,Kuusamo,65.9667,29.1833,42.84,75,0,2.3,FI,clear sky
273,Inongo,-1.95,18.2667,72.64,69,78,0.36,CD,broken clouds
274,Benghazi,32.1167,20.0667,70.47,75,39,9.4,LY,scattered clouds
275,Caravelas,-17.7125,-39.2481,72.88,83,20,4.61,BR,few clouds
276,Port Blair,11.6667,92.75,82.0,80,19,3.89,IN,few clouds
277,Lompoc,34.6391,-120.4579,75.11,74,90,3.0,US,overcast clouds
278,Sinnamary,5.3833,-52.95,77.56,91,100,11.43,GF,overcast clouds
279,Mokobeng,-22.9965,27.6678,53.58,90,0,10.8,BW,clear sky
280,Samarai,-10.6167,150.6667,79.03,74,72,18.54,PG,broken clouds
281,Soyo,-6.1349,12.3689,76.75,91,53,6.51,AO,broken clouds
282,Bukachacha,52.9833,116.9167,49.39,97,100,7.45,RU,moderate rain
283,Coquimbo,-29.9533,-71.3436,60.53,77,0,3.11,CL,clear sky
284,Tazovskiy,67.4667,78.7,34.72,71,7,9.15,RU,clear sky
285,Batagay,67.6333,134.6333,49.23,78,100,2.84,RU,overcast clouds
286,Dwarka,22.2394,68.9678,82.92,80,11,17.49,IN,few clouds
287,Bathsheba,13.2167,-59.5167,81.21,61,40,17.0,BB,scattered clouds
288,Broken Hill,-31.95,141.4333,53.31,50,100,10.36,AU,overcast clouds
289,Shimoda,34.6667,138.95,72.1,74,35,14.18,JP,scattered clouds
290,Hay River,60.8156,-115.7999,75.18,31,75,9.22,CA,broken clouds
291,Fasa,28.9383,53.6482,79.84,19,0,9.22,IR,clear sky
292,Jutai,-5.1833,-68.9,74.75,97,59,2.04,BR,light rain
293,Awbari,26.5921,12.7805,85.24,18,0,8.28,LY,clear sky
294,Kyabram,-36.3167,145.05,42.87,62,100,7.92,AU,overcast clouds
295,Strezhevoy,60.7333,77.5889,42.78,91,100,12.64,RU,light rain
296,Port Macquarie,-31.4333,152.9167,53.89,78,85,4.61,AU,overcast clouds
297,Kastamonu,41.5,33.6667,50.86,92,72,3.49,TR,broken clouds
298,Ugoofaaru,5.6667,73.0,83.08,69,81,19.13,MV,broken clouds
299,Frankfurt,50.1167,8.6833,58.84,66,0,3.53,DE,clear sky
300,Hovd,48.0056,91.6419,49.17,39,4,0.47,MN,clear sky
301,Kushiro,42.975,144.3747,47.35,71,40,3.47,JP,scattered clouds
302,Sabla,12.7525,4.7077,91.9,21,15,8.05,NG,few clouds
303,Makakilo City,21.3469,-158.0858,86.61,60,1,10.36,US,clear sky
304,Pundaguitan,6.3711,126.1689,80.6,80,100,10.92,PH,light rain
305,Kolondieba,11.0882,-6.8926,80.42,66,84,6.78,ML,light rain
306,Aksarka,66.5606,67.7975,41.74,79,56,14.94,RU,broken clouds
307,Karksi-Nuia,58.1033,25.5628,51.67,66,100,4.09,EE,overcast clouds
308,Eyl,7.9803,49.8164,79.45,80,99,20.49,SO,overcast clouds
309,Camocim,-2.9022,-40.8411,78.62,86,66,11.32,BR,broken clouds
310,Khandyga,62.6667,135.6,57.18,63,58,0.83,RU,broken clouds
311,Bambanglipuro,-7.95,110.2833,56.61,88,44,3.44,ID,scattered clouds
312,Iquique,-20.2208,-70.1431,62.64,83,96,4.21,CL,overcast clouds
313,Mnogovershinnyy,53.9353,139.9242,55.08,60,31,5.21,RU,scattered clouds
314,Yangjiang,21.85,111.9667,86.95,86,100,4.34,CN,overcast clouds
315,Nouakchott,18.0858,-15.9785,71.53,84,94,12.33,MR,overcast clouds
316,Goderich,43.7501,-81.7165,69.21,28,86,8.05,CA,overcast clouds
317,Praya,14.9215,-23.5087,73.94,73,75,5.75,CV,broken clouds
318,Mortka,59.3322,66.0214,35.67,84,0,4.97,RU,clear sky
319,Kazanskaya,45.4106,40.4361,60.53,86,85,8.08,RU,overcast clouds
320,Sambava,-14.2667,50.1667,71.02,85,1,8.57,MG,clear sky
321,Kudahuvadhoo,2.6708,72.8944,82.96,72,58,16.06,MV,broken clouds
322,Kodiak,57.79,-152.4072,47.71,87,90,17.27,US,moderate rain
323,Shingu,33.7333,135.9833,70.52,57,93,3.58,JP,overcast clouds
324,Awjilah,29.1081,21.2869,76.71,37,0,15.39,LY,clear sky
325,Aku,6.7081,7.3167,72.01,99,100,3.67,NG,overcast clouds
326,College,64.8569,-147.8028,71.55,36,75,4.61,US,broken clouds
327,Ormara,25.2088,64.6357,83.7,89,0,11.79,PK,clear sky
328,Seymchan,62.8833,152.4333,46.54,62,94,11.21,RU,overcast clouds
329,Hamilton,39.1834,-84.5333,74.95,46,1,1.99,US,clear sky
330,Avera,33.194,-82.5271,80.47,43,82,4.16,US,broken clouds
331,Tefe,-3.3542,-64.7114,87.91,70,20,0.0,BR,few clouds
332,Hualmay,-11.0964,-77.6139,65.89,85,84,9.04,PE,broken clouds
333,Brae,60.3964,-1.353,46.31,87,19,10.92,GB,few clouds
334,Mana,5.6592,-53.7767,76.78,92,100,10.09,GF,light rain
335,Adre,13.4667,22.2,86.11,25,83,8.21,TD,broken clouds
336,Iqaluit,63.7506,-68.5145,33.53,93,90,8.01,CA,light snow
337,Khvorostyanka,52.6096,48.9597,51.93,89,80,11.59,RU,broken clouds
338,Cherskiy,68.75,161.3,62.71,24,100,10.94,RU,overcast clouds
339,Bousse,12.6606,-1.8922,89.17,35,100,10.27,BF,overcast clouds
340,Nome,64.5011,-165.4064,63.16,44,1,11.5,US,clear sky
341,Bowen,-20.0167,148.2333,64.62,75,63,10.94,AU,broken clouds
342,Ekuvukeni,-28.4675,30.1551,46.51,87,6,1.99,ZA,clear sky
343,Chivay,-15.6383,-71.6011,48.69,61,96,7.0,PE,overcast clouds
344,Tabuk,17.4189,121.4443,78.76,84,96,3.8,PH,overcast clouds
345,Saquarema,-22.92,-42.5103,71.62,94,100,6.26,BR,overcast clouds
346,Rio Gallegos,-51.6226,-69.2181,33.85,86,90,9.22,AR,light rain
347,Leshukonskoye,64.8989,45.7622,41.97,84,59,5.93,RU,broken clouds
348,Sitka,57.0531,-135.33,53.49,87,90,3.44,US,moderate rain
349,Kloulklubed,7.0419,134.2556,82.9,77,100,15.21,PW,overcast clouds
350,Moses Lake,47.1301,-119.2781,89.96,18,1,8.05,US,clear sky
351,Laela,-8.5667,32.05,57.22,75,61,0.67,TZ,broken clouds
352,Namibe,-15.1961,12.1522,70.57,65,5,1.97,AO,clear sky
353,Luanda,-8.8368,13.2343,77.0,88,75,5.75,AO,broken clouds
354,Fortuna,40.5982,-124.1573,99.48,62,29,4.0,US,scattered clouds
355,Cayenne,4.9333,-52.3333,77.09,89,0,11.52,GF,light rain
356,Bonthe,7.5264,-12.505,77.94,88,100,8.9,SL,light rain
357,Sabana Grande De Boya,18.945,-69.7933,81.1,88,100,6.33,DO,overcast clouds
358,Banjar,-8.19,114.9675,75.06,78,62,2.93,ID,broken clouds
359,Houston,29.7633,-95.3633,86.45,71,40,8.99,US,scattered clouds
360,Kristiansund,63.1115,7.732,53.65,76,100,3.44,NO,overcast clouds
361,Olenino,56.2092,33.4889,40.23,72,68,3.36,RU,broken clouds
362,Tortona,44.8978,8.8637,64.26,76,0,1.66,IT,clear sky
363,Lundazi,-12.2929,33.1782,59.52,86,5,6.96,ZM,clear sky
364,Isla Mujeres,21.2311,-86.731,87.85,70,32,9.98,MX,scattered clouds
365,Cooma,-36.2333,149.1333,31.77,86,61,1.19,AU,broken clouds
366,Yakeshi,49.2833,120.7333,45.68,86,100,12.12,CN,overcast clouds
367,Nagorsk,59.3172,50.8078,40.06,65,99,2.13,RU,light rain
368,Petropavlovsk-Kamchatskiy,53.0452,158.6483,43.39,70,40,7.92,RU,scattered clouds
369,Dicabisagan,17.0818,122.4157,81.48,82,100,2.84,PH,overcast clouds
370,Tautira,-17.7333,-149.15,86.02,63,45,13.78,PF,scattered clouds
371,Zaterechnyy,44.7931,45.2097,69.93,60,2,7.96,RU,clear sky
372,Krasnoselkup,65.7,82.4667,35.51,86,100,10.6,RU,light rain
373,Touros,-5.1989,-35.4608,79.7,83,5,10.49,BR,clear sky
374,Denpasar,-8.65,115.2167,74.86,100,20,3.2,ID,few clouds
375,Marzuq,14.4,46.4667,77.99,40,21,6.06,YE,few clouds
376,Izumo,35.3667,132.7667,60.75,82,20,5.61,JP,few clouds
377,Sayyan,15.1718,44.3244,63.63,14,5,2.86,YE,clear sky
378,Halifax,44.6453,-63.5724,58.89,95,100,1.99,CA,overcast clouds
379,Roald,62.5833,6.1333,57.16,87,100,10.36,NO,overcast clouds
380,Rawson,-43.3002,-65.1023,49.57,92,92,6.93,AR,overcast clouds
381,Torbay,47.6666,-52.7314,53.28,69,90,18.41,CA,overcast clouds
382,Priladozhskiy,59.85,31.4833,49.66,31,99,5.37,RU,overcast clouds
383,Besikduzu,41.052,39.2284,66.09,94,90,5.64,TR,overcast clouds
384,Kantunilkin,21.0917,-87.45,87.64,52,40,7.7,MX,scattered clouds
385,Kayerkan,69.3497,87.7602,30.83,90,97,7.16,RU,overcast clouds
386,Matagami,49.7502,-77.6328,69.91,30,90,9.33,CA,overcast clouds
387,Taicheng,38.731,113.228,60.19,59,23,3.49,CN,few clouds
388,Leningradskiy,69.3833,178.4167,32.79,86,85,13.27,RU,overcast clouds
389,Daru,-9.0763,143.2092,78.75,83,84,17.65,PG,broken clouds
390,Orocue,4.7912,-71.3354,78.46,86,47,2.91,CO,scattered clouds
391,Kamenka,51.3223,42.7678,50.88,83,100,9.62,RU,overcast clouds
392,Talnakh,69.4865,88.3972,32.31,91,98,5.19,RU,overcast clouds
393,Assai,-23.3733,-50.8414,67.86,91,83,1.63,BR,broken clouds
394,San Patricio,28.017,-97.5169,88.21,63,90,13.47,US,overcast clouds
395,Marawi,7.9986,124.2928,66.65,95,100,2.89,PH,moderate rain
396,Swan Hill,-35.3378,143.5544,51.21,54,100,6.11,AU,overcast clouds
397,Hornepayne,49.2138,-84.7705,54.12,89,73,11.16,CA,broken clouds
398,Saint-Augustin,51.226,-58.6502,44.67,95,100,8.79,CA,overcast clouds
399,Ndago,-4.6,34.35,63.28,66,33,9.82,TZ,scattered clouds
400,Gornopravdinsk,60.05,69.9,36.79,96,36,4.43,RU,scattered clouds
401,Grindavik,63.8424,-22.4338,46.35,81,75,22.26,IS,light rain
402,Casambalangan,18.3765,122.1274,81.7,82,82,2.82,PH,broken clouds
403,Lalganj,25.8667,85.1833,69.75,76,21,10.8,IN,few clouds
404,Amarante Do Maranhao,-5.5667,-46.7422,75.42,60,1,1.48,BR,clear sky
405,Inirida,3.8653,-67.9239,76.03,95,96,0.94,CO,overcast clouds
406,Caxito,-8.5785,13.6643,77.65,98,16,2.91,AO,few clouds
407,Matara,5.9485,80.5353,79.57,82,99,14.07,LK,overcast clouds
408,Kampene,-3.6,26.6667,69.8,87,85,1.95,CD,overcast clouds
409,Havoysund,70.9963,24.6622,43.68,98,100,18.95,NO,overcast clouds
410,Young,-32.6833,-57.6333,51.85,80,76,8.25,UY,broken clouds
411,San Carlos De Bariloche,-41.1456,-71.3082,54.45,79,75,11.52,AR,broken clouds
412,Svetlogorsk,52.6333,29.7333,42.55,88,12,4.03,BY,few clouds
413,Beipiao,41.7919,120.7792,64.92,43,79,12.39,CN,broken clouds
414,Vardo,70.3705,31.1107,40.15,86,100,11.41,NO,overcast clouds
415,Sorong,-0.8833,131.25,79.3,88,99,9.86,ID,overcast clouds
416,Portland,45.5234,-122.6762,89.37,31,75,1.01,US,broken clouds
417,Semey,50.4111,80.2275,53.82,66,0,2.24,KZ,clear sky
418,Verkhnevilyuysk,63.4453,120.3167,63.79,42,22,6.44,RU,few clouds
419,Villa Maria,-32.4075,-63.2402,54.82,66,42,9.28,AR,scattered clouds
420,San Luis De Palenque,5.4214,-71.7317,78.69,81,51,2.17,CO,broken clouds
421,Quatre Cocos,-20.2078,57.7625,71.71,77,7,7.74,MU,clear sky
422,Kavaratti,10.5669,72.642,83.59,74,98,18.88,IN,overcast clouds
423,Dongli,23.5656,116.8194,76.98,94,75,6.42,CN,mist
424,Kysyl-Syr,63.8986,122.7617,61.59,39,46,5.41,RU,scattered clouds
425,Waddan,29.1614,16.139,79.07,32,1,12.19,LY,clear sky
426,Kaohsiung,22.6163,120.3133,80.1,96,75,1.99,TW,broken clouds
427,Bayir,37.2687,28.2167,59.83,85,58,1.3,TR,broken clouds
428,Kaabong,3.4836,34.1492,65.3,62,37,8.37,UG,scattered clouds
429,Okhotsk,59.3833,143.3,36.9,95,100,6.76,RU,light rain
430,Ambon,-3.6954,128.1814,75.34,94,40,12.35,ID,scattered clouds
431,Merced,37.1666,-120.7516,102.54,7,8,8.34,US,clear sky
432,Nizhyn,51.048,31.8869,41.79,92,26,5.77,UA,scattered clouds
433,Manokwari,-0.8667,134.0833,77.41,88,100,18.5,ID,overcast clouds
434,Jamsa,61.8642,25.19,48.15,93,82,5.5,FI,broken clouds
435,Constantine,36.365,6.6147,72.81,56,75,2.3,DZ,broken clouds
436,Korla,41.7597,86.1469,74.07,22,77,3.04,CN,broken clouds
437,Bollnas,61.3482,16.3946,43.39,72,100,2.08,SE,overcast clouds
438,Scarborough,54.2797,-0.4044,51.91,89,6,1.01,GB,clear sky
439,Tala,30.6803,30.9429,68.58,70,0,6.04,EG,clear sky
440,Faya,18.3851,42.4509,75.31,17,4,6.49,SA,clear sky
441,Traismauer,48.3519,15.7635,54.18,90,66,3.24,AT,broken clouds
442,Solano,38.2333,-121.9511,111.16,24,1,12.66,US,clear sky
443,Russell,32.3502,-85.1999,85.28,43,1,6.44,US,clear sky
444,Northam,51.0333,-4.2167,60.03,84,99,8.39,GB,overcast clouds
445,Curuca,-0.7289,-47.8481,75.0,95,46,3.87,BR,scattered clouds
446,Bac Lieu,9.285,105.7244,81.16,83,85,8.01,VN,overcast clouds
447,Izazi,-7.2,35.7333,64.54,84,24,3.58,TZ,few clouds
448,Abu Zabad,12.35,29.25,89.73,30,28,4.9,SD,scattered clouds
449,Pembroke,45.8168,-77.1162,75.18,49,72,3.89,CA,broken clouds
450,Dubi,50.6856,13.7856,51.06,81,17,1.14,CZ,few clouds
451,Almenara,-16.1836,-40.6944,69.28,93,81,1.5,BR,broken clouds
452,Olafsvik,64.8945,-23.7142,44.96,80,64,18.23,IS,broken clouds
453,Celendin,-6.8703,-78.1517,66.72,85,99,4.76,PE,moderate rain
454,Karaton,-6.3424,106.1045,79.95,94,95,2.51,ID,overcast clouds
455,Half Moon Bay,37.4636,-122.4286,100.74,52,1,10.36,US,haze
456,Barreiras,-12.1528,-44.99,72.27,38,43,2.08,BR,scattered clouds
457,Abu Dhabi,24.4667,54.3667,87.91,84,0,8.66,AE,clear sky
458,Mazatlan,23.2167,-106.4167,89.56,70,75,4.0,MX,broken clouds
459,Asau,46.4333,26.4,53.76,95,100,5.41,RO,overcast clouds
460,Isangel,-19.55,169.2667,77.11,61,75,14.36,VU,broken clouds
461,Kazachinskoye,57.6953,93.2761,45.79,69,24,3.47,RU,few clouds
462,Bara,10.3744,10.7288,81.1,52,82,9.28,NG,broken clouds
463,Hanstholm,57.1167,8.6167,49.51,84,71,14.34,DK,broken clouds
464,Tamale,9.4008,-0.8393,75.6,83,75,11.05,GH,light rain
465,Panzhihua,26.5851,101.7128,74.26,69,32,0.89,CN,scattered clouds
466,Pangnirtung,66.1451,-65.7125,33.8,86,20,9.22,CA,few clouds
467,Pisco,-13.7,-76.2167,66.25,82,90,8.05,PE,overcast clouds
468,Mount Gambier,-37.8333,140.7667,42.71,65,100,9.22,AU,overcast clouds
469,Maldonado,-34.6667,-54.9167,54.79,76,74,9.26,UY,light rain
470,Charters Towers,-20.1,146.2667,66.65,67,31,9.86,AU,scattered clouds
471,Huilong,31.8111,121.655,73.04,87,12,16.49,CN,few clouds
472,Rincon,32.296,-81.2354,82.85,60,75,1.99,US,broken clouds
473,Auki,-8.7676,160.7034,83.35,76,88,6.87,SB,overcast clouds
474,Manitouwadge,49.1215,-85.8403,47.12,66,59,4.99,CA,broken clouds
475,Nhulunbuy,-12.2333,136.7667,77.61,88,90,5.75,AU,overcast clouds
476,Mahon,39.8885,4.2658,66.76,94,20,5.75,ES,few clouds
477,Miles City,46.4083,-105.8406,79.77,21,1,3.44,US,clear sky
478,Chaohu,31.6,117.8667,75.04,73,5,3.78,CN,clear sky
479,Nadym,65.5333,72.5167,40.12,57,5,8.97,RU,clear sky
480,Lircay,-12.9896,-74.7205,50.52,73,100,2.26,PE,moderate rain
481,Moose Factory,51.2585,-80.6094,68.0,59,90,13.8,CA,overcast clouds
482,Zhigansk,66.7697,123.3711,55.45,53,78,4.21,RU,broken clouds
483,Haicheng,40.8516,122.7475,63.75,86,100,6.49,CN,overcast clouds
484,Vanimo,-2.6741,141.3028,79.48,86,100,6.58,PG,light rain
485,Helong,42.5397,128.9972,54.52,91,100,4.59,CN,light rain
486,Micheweni,-4.9667,39.8333,75.65,85,12,8.81,TZ,few clouds
487,The Valley,18.217,-63.0578,81.1,76,4,18.01,AI,clear sky
488,Dongsheng,39.8161,109.9776,57.06,30,1,10.49,CN,clear sky
489,Magnitka,55.3475,59.6961,45.86,77,100,5.3,RU,overcast clouds
490,Merritt,50.1123,-120.7942,79.45,39,92,6.4,CA,overcast clouds
491,Sungaipenuh,-2.0833,101.3833,63.52,95,92,1.41,ID,overcast clouds
492,Severo-Yeniseyskiy,60.3725,93.0408,50.14,57,74,8.61,RU,broken clouds
493,Diu,20.7141,70.9822,82.15,75,7,10.85,IN,clear sky
494,Corinto,37.9407,22.9573,69.89,70,27,11.36,GR,scattered clouds
495,Carbonia,39.1672,8.5222,66.85,83,75,3.53,IT,broken clouds
496,Kuito,-12.3833,16.9333,54.34,34,4,2.08,AO,clear sky
497,Palmer,42.1584,-72.3287,63.32,66,75,7.54,US,broken clouds
498,Waipawa,-41.4122,175.5153,50.63,75,99,15.46,NZ,overcast clouds
499,Yelan,50.949,43.7378,54.72,82,98,9.82,RU,overcast clouds
500,Adrar,20.5022,-10.0711,90.37,30,73,11.18,MR,broken clouds
501,Belyy Yar,53.6039,91.3903,39.09,93,0,4.07,RU,clear sky
502,Nguru,12.8791,10.4526,91.6,15,26,8.05,NG,scattered clouds
503,Hambantota,6.1241,81.1185,79.68,81,100,19.17,LK,overcast clouds
504,Bafata,12.1667,-14.75,78.37,72,97,6.64,GW,overcast clouds
505,Muisne,0.6,-80.0333,80.71,86,93,9.8,EC,overcast clouds
506,Dunedin,-45.8742,170.5036,49.8,61,68,5.99,NZ,broken clouds
507,Galveston,29.3669,-94.9669,85.12,80,20,3.0,US,few clouds
508,Bongandanga,1.5,21.05,73.67,91,100,1.52,CD,overcast clouds
509,Bubaque,11.2833,-15.8333,78.35,81,100,11.34,GW,overcast clouds
510,Sakakah,29.9697,40.2064,85.57,13,2,4.34,SA,clear sky
511,Omaruru,-21.4333,15.9333,56.35,30,1,4.79,NA,clear sky
512,Moindou,-21.6924,165.677,69.75,54,67,11.34,NC,broken clouds
513,Rosetown,51.5501,-108.0014,78.91,17,85,8.05,CA,overcast clouds
514,Mamallapuram,12.6264,80.1722,77.05,71,91,12.57,IN,overcast clouds
515,Lesnoye,58.2841,35.5158,37.96,80,38,2.13,RU,scattered clouds
516,Meulaboh,4.1363,96.1285,76.23,89,98,3.96,ID,overcast clouds
517,Marmaris,36.855,28.2742,70.11,80,71,3.6,TR,broken clouds
518,Katangli,51.7102,143.2326,46.96,62,13,5.73,RU,few clouds
519,Zhuhai,22.2769,113.5678,81.05,100,75,7.81,CN,heavy intensity rain
520,Edd,13.9297,41.6925,86.85,57,1,3.98,ER,clear sky
521,Turayf,31.6725,38.6637,79.05,29,0,6.91,SA,clear sky
522,Wanxian,30.8039,108.3897,76.84,84,60,1.92,CN,broken clouds
523,Ankazoabo,-22.2833,44.5167,58.8,90,28,7.31,MG,scattered clouds
524,High Rock,26.6208,-78.2833,80.62,74,36,15.28,BS,scattered clouds
525,Linhai,28.85,121.1167,72.93,77,90,2.77,CN,overcast clouds
526,Olga,43.7444,135.2892,51.15,88,97,2.26,RU,overcast clouds
527,Mattru,7.6244,-11.8332,72.25,96,100,1.36,SL,overcast clouds
528,Ouargaye,11.5033,0.0572,92.14,41,83,9.78,BF,broken clouds
529,Turtas,58.9417,69.1325,37.4,95,43,5.91,RU,scattered clouds
530,Florianopolis,-27.6146,-48.5012,62.62,80,40,3.44,BR,scattered clouds
531,Dapaong,10.8639,0.205,86.47,50,54,12.17,TG,broken clouds
532,Dolores,-36.3132,-57.6792,51.62,77,100,6.15,AR,overcast clouds
533,Merauke,-8.4667,140.3333,76.68,87,36,12.73,ID,scattered clouds
534,Alta Floresta,-9.8756,-56.0861,78.62,83,0,2.3,BR,clear sky
535,Skelleftea,64.7507,20.9528,48.56,63,40,2.42,SE,scattered clouds
536,Itaituba,-4.2761,-55.9836,89.76,58,20,0.0,BR,few clouds
537,Lufilufi,-13.8745,-171.5986,87.58,70,21,17.05,WS,few clouds
538,Stornoway,58.2093,-6.3865,55.92,71,20,2.3,GB,few clouds
539,Maryville,35.7565,-83.9705,80.85,51,75,1.01,US,broken clouds
540,Dawson Creek,55.7666,-120.2362,70.95,46,20,12.66,CA,few clouds
541,Atar,20.5169,-13.0499,89.71,33,92,5.66,MR,overcast clouds
542,Eureka,40.8021,-124.1637,71.37,62,34,5.01,US,scattered clouds
543,Norden,53.6,7.2,56.95,72,0,3.0,DE,clear sky
544,Sioux Lookout,50.1001,-91.917,70.18,40,40,9.22,CA,scattered clouds
545,Presidente Medici,-11.1753,-61.9014,75.99,75,25,3.31,BR,scattered clouds
546,Yaan,7.3833,8.5667,76.41,87,76,7.94,NG,broken clouds
547,Bull Savanna,17.8868,-77.5902,79.14,77,98,7.4,JM,overcast clouds
548,Buzdyak,54.5833,54.55,44.35,93,100,5.77,RU,overcast clouds
549,Bungu,-7.6337,39.0582,68.68,97,7,2.91,TZ,clear sky
550,Kirkkonummi,60.1238,24.4385,51.8,92,85,6.58,FI,overcast clouds
551,Kaka,37.3482,59.6143,82.24,29,26,5.44,TM,scattered clouds
552,Mayumba,-3.432,10.6554,76.23,92,85,3.76,GA,overcast clouds
553,Ballina,-28.8667,153.5667,59.77,84,90,4.61,AU,overcast clouds
554,Fort Nelson,58.8053,-122.7002,76.59,25,75,3.44,CA,broken clouds
555,Byron Bay,-28.65,153.6167,67.05,78,84,7.36,AU,broken clouds
556,Tshane,-24.0196,21.8684,49.73,26,0,8.46,BW,clear sky
557,Bokoro,12.3807,17.0568,95.29,17,7,7.23,TD,clear sky
558,Emerald,-23.5333,148.1667,60.35,72,2,8.05,AU,clear sky
559,Bilma,18.6853,12.9164,92.08,9,100,7.56,NE,overcast clouds
560,Ngunguru,-35.6167,174.5,61.16,68,0,14.32,NZ,clear sky
561,Ourossogui,15.6064,-13.3211,98.6,30,0,4.61,SN,clear sky
562,Buraydah,26.326,43.975,93.65,14,3,8.66,SA,clear sky
563,Ulety,51.3572,112.4849,40.77,57,86,13.62,RU,overcast clouds
564,Lokachi,50.737,24.6494,43.63,83,9,4.43,UA,clear sky
565,Ardmore,34.1743,-97.1436,69.33,93,90,5.99,US,mist
566,Trelew,-43.249,-65.3051,48.33,92,82,4.83,AR,broken clouds
567,Moctezuma,29.8,-109.6667,94.51,9,0,14.83,MX,clear sky
568,Defiance,41.3334,-84.45,72.41,35,1,4.61,US,clear sky
569,Safakulevo,54.9901,62.5442,46.67,64,82,11.07,RU,broken clouds
570,Zaozerne,45.1582,33.2787,57.94,94,100,9.15,UA,overcast clouds
571,Havre-Saint-Pierre,50.2334,-63.5986,45.19,100,90,4.61,CA,overcast clouds
572,Santiago Del Estero,-27.7951,-64.2615,62.38,41,0,6.35,AR,clear sky
573,Nago,26.5881,127.9761,77.07,79,100,15.28,JP,overcast clouds
574,Sistranda,63.7256,8.834,48.16,88,100,15.05,NO,overcast clouds
575,Uvat,59.1433,68.8953,36.46,96,37,5.23,RU,scattered clouds
576,Kulhudhuffushi,6.6221,73.07,82.27,75,91,18.39,MV,overcast clouds
577,Mizdah,31.4451,12.9801,70.84,46,35,9.66,LY,scattered clouds
578,Randazzo,37.8774,14.9501,57.88,78,88,1.95,IT,overcast clouds
579,Novyy Urengoy,66.0833,76.6333,39.45,60,18,6.29,RU,few clouds
580,Mega,4.05,38.3,58.15,78,27,8.37,ET,scattered clouds
581,Kindu,-2.95,25.95,72.32,81,93,2.28,CD,overcast clouds
582,Syracuse,37.0881,15.2792,65.89,82,37,3.36,IT,scattered clouds
583,Slave Lake,55.2834,-114.769,69.78,37,1,9.22,CA,clear sky
584,Darhan,49.4867,105.9228,39.87,55,21,2.62,MN,few clouds
585,Chilmari,25.5559,89.6715,76.51,88,100,7.56,BD,overcast clouds
586,Copiapo,-27.3667,-70.3333,51.49,39,0,3.24,CL,clear sky
587,Solnechnyy,50.7214,136.6319,61.2,51,41,3.29,RU,scattered clouds
588,Grand Gaube,-20.0064,57.6608,72.0,79,1,5.01,MU,clear sky
589,Ust-Maya,60.4167,134.5333,56.46,77,93,1.95,RU,overcast clouds
590,Tecoanapa,16.5167,-98.75,87.44,60,36,9.84,MX,scattered clouds
591,Belogorsk,50.9158,128.4611,59.54,66,92,15.19,RU,overcast clouds
592,Lichinga,-13.3128,35.2406,59.09,94,40,6.91,MZ,scattered clouds
593,Wagar,16.1525,36.2032,92.39,20,2,10.0,SD,clear sky
594,Hargeysa,9.56,44.065,70.99,64,12,21.7,SO,few clouds
595,Baykit,61.67,96.37,52.05,67,67,4.32,RU,broken clouds
596,Geraldton,-28.7667,114.6,48.61,87,0,9.91,AU,clear sky
597,Mercedes,-34.6515,-59.4307,61.18,68,100,6.93,AR,overcast clouds
598,De Aar,-30.6497,24.0123,43.23,50,27,8.77,ZA,scattered clouds
599,Belmonte,-15.8631,-38.8828,77.5,77,50,4.9,BR,scattered clouds
600,Tolaga Bay,-38.3667,178.3,54.18,73,88,19.13,NZ,overcast clouds
601,Fort Wellington,6.4,-57.6,77.47,87,94,12.01,GY,overcast clouds
602,Kununurra,-15.7667,128.7333,60.78,94,58,0.0,AU,broken clouds
603,Maputo,-25.9653,32.5892,67.68,82,20,5.99,MZ,few clouds
604,Balakhninskiy,58.0106,114.2769,46.04,90,43,1.61,RU,scattered clouds
605,Dongying,37.4564,118.4856,71.02,80,100,7.29,CN,light rain
606,San Cristobal,7.7669,-72.225,77.18,77,65,2.15,VE,broken clouds
607,Gelemso,8.8167,40.5167,60.82,80,49,6.76,ET,scattered clouds
608,Westport,41.1415,-73.3579,71.37,55,20,1.99,US,few clouds
609,Gairo,39.8497,9.5047,56.41,84,100,2.71,IT,overcast clouds
610,Taltal,-25.4,-70.4833,67.78,62,14,0.72,CL,few clouds
611,Krasnyy Oktyabr,56.1167,38.8833,38.23,91,36,2.53,RU,scattered clouds
612,Navolato,24.7672,-107.6944,96.64,52,6,13.29,MX,clear sky
613,Paracuru,-3.41,-39.0306,81.1,81,14,11.3,BR,few clouds
614,Taoudenni,22.6783,-3.9836,101.48,10,52,6.87,ML,broken clouds
615,Perth,-31.9333,115.8333,50.05,96,40,3.38,AU,scattered clouds
616,Alpena,45.0617,-83.4327,69.94,71,100,1.01,US,overcast clouds
617,Sisimiut,66.9395,-53.6735,36.73,80,68,8.23,GL,broken clouds
618,Codajas,-3.8367,-62.0569,79.86,68,3,0.67,BR,clear sky
619,Uppsala,60.0,17.75,45.79,90,21,5.28,SE,few clouds
620,Ahipara,-35.1667,173.1667,62.51,66,10,14.07,NZ,clear sky
621,Maiduguri,11.8464,13.1603,89.08,18,57,4.76,NG,broken clouds
622,Anjozorobe,-18.4,47.8667,62.92,97,14,2.86,MG,few clouds
623,Mongu,-15.2484,23.1274,56.19,38,1,5.5,ZM,clear sky
624,Ongwediva,-17.7833,15.7667,58.96,21,11,6.58,NA,few clouds
625,Coruripe,-10.1256,-36.1756,75.63,87,23,6.55,BR,few clouds
626,Lyaskelya,61.7667,31.0167,42.71,95,94,2.98,RU,overcast clouds
627,Baruun-Urt,46.6806,113.2792,41.27,50,34,10.85,MN,scattered clouds
628,Reconquista,-29.15,-59.65,55.45,51,0,4.45,AR,clear sky
629,Bansdih,25.8833,84.2167,85.42,68,30,9.78,IN,scattered clouds
630,Burnie,-41.0667,145.9167,49.91,80,100,4.29,AU,overcast clouds
631,Pochutla,15.7432,-96.4661,85.05,61,73,7.02,MX,broken clouds
632,Pathein,16.7833,94.7333,79.84,86,91,3.4,MM,overcast clouds
633,Talara,-4.5772,-81.2719,74.16,78,0,19.57,PE,clear sky
634,Dharchula,29.85,80.5333,65.8,79,34,3.0,IN,scattered clouds
635,Asyut,27.181,31.1837,91.58,23,0,9.89,EG,clear sky
636,Tongzhou,39.9053,116.5994,69.22,75,0,1.01,CN,light rain
637,Kathu,7.9178,98.3332,83.62,72,29,10.02,TH,scattered clouds
638,Ninohe,40.2724,141.3061,59.92,62,24,2.35,JP,few clouds
639,Bairiki,1.3292,172.9752,84.2,79,20,18.05,KI,light rain
640,Lagos,6.5833,3.75,84.52,82,99,5.17,NG,overcast clouds
641,Lensk,60.7253,114.9278,57.67,74,73,5.97,RU,broken clouds
642,Oksfjord,70.2396,22.3479,44.67,95,100,9.06,NO,overcast clouds
643,Jumla,29.2747,82.1838,52.56,91,16,3.6,NP,few clouds
644,North Bend,43.4065,-124.2243,88.95,64,1,24.16,US,clear sky
645,Pingliang,35.5392,106.6861,62.44,51,100,2.39,CN,overcast clouds
646,Toamasina,-18.1667,49.3833,73.4,94,40,3.44,MG,scattered clouds
647,Egvekinot,66.3167,-179.1667,39.13,55,100,4.12,RU,overcast clouds
648,Atotonilquillo,20.4,-103.1333,91.35,27,100,6.04,MX,overcast clouds
649,Malmesbury,-33.4608,18.7271,54.79,87,5,1.12,ZA,clear sky
650,Oranjestad,12.524,-70.027,84.15,78,20,11.99,AW,few clouds
651,Ipora,-16.4419,-51.1178,76.39,46,89,4.07,BR,overcast clouds
652,Stokmarknes,68.5646,14.9108,48.49,90,100,4.41,NO,overcast clouds
