City_ID,City,Country,Max Temp,Weather Description,Lat,Lng,Hotel Name
7,Puerto Ayora,EC,80.56,scattered clouds,-0.7393,-90.3518,Finch Bay Galapagos Hotel
10,Puri,IN,87.39,broken clouds,19.8,85.85,OYO 1577 Hotel Shree Hari Grand
13,Wanning,CN,81.88,overcast clouds,18.8003,110.3967,Paradise Hotel
15,Bengkulu,ID,75.22,overcast clouds,-3.8004,102.2655,Grage Hotel Bengkulu
23,Bontang,ID,77.88,overcast clouds,0.1333,117.5,KOPKAR Hotel Bintang Sintuk
31,Georgetown,MY,79.9,few clouds,5.4112,100.3354,Cititel Penang
32,Ipixuna,BR,80.55,broken clouds,-1.7625,-48.8043,Casa da Oscarina
34,Phan Thiet,VN,78.96,broken clouds,10.9333,108.1,Hotel Saigon-PT
35,Faanui,PF,78.35,scattered clouds,-16.4833,-151.75,Bora-Bora Pearl Beach Resort & Spa
36,Tomatlan,MX,89.83,overcast clouds,19.9333,-105.25,Norma franco
38,Atuona,PF,78.84,light rain,-9.8,-139.0333,Villa Enata
39,Port-Gentil,GA,80.56,overcast clouds,-0.7193,8.7815,Fengshui Residence
40,Sola,VU,79.59,overcast clouds,-13.8833,167.55,Leumerus Bungalows
48,Hobyo,SO,78.26,broken clouds,5.3505,48.5268,Halane Hotel and Restaurent
49,Miraflores,MX,79.45,overcast clouds,19.2167,-98.8083,Hotel Mansión
62,Borba,BR,80.6,scattered clouds,-4.3878,-59.5939,Hotel da Amazônia
73,Butaritari,KI,83.7,broken clouds,3.0707,172.7902,Isles Sunset Lodge
76,Hithadhoo,MV,83.68,overcast clouds,-0.6,73.0833,Scoop Guest House
80,Kalmunai,LK,80.06,overcast clouds,7.4167,81.8167,VS Villa
84,Biak,ID,77.86,broken clouds,-0.9131,122.8766,Penginapan Kim
88,Dingle,PH,80.56,overcast clouds,10.9995,122.6711,SEGAYA PROPERTY
92,Nishihara,JP,76.28,broken clouds,26.1842,127.7558,Minshuku Agaihama
94,Jalu,LY,77.54,clear sky,29.0331,21.5482,صاحبة الفخامة
101,Kirakira,SB,80.67,overcast clouds,-10.4544,161.9205,SanBiz Lodge
106,Thap Than,TH,84.49,scattered clouds,15.4606,99.8917,ขวัญเรือน ขำสุข
110,Kapaa,US,86.11,overcast clouds,22.0752,-159.319,Sheraton Kauai Coconut Beach Resort
115,Bam,IR,85.69,clear sky,29.105999999999998,58.357,Bam Tourist Hotel
125,Xochistlahuaca,MX,87.37,overcast clouds,16.7833,-98.25,La frontera
127,Hit,IQ,87.4,clear sky,33.6416,42.8251,صالون زيرو
129,Saint Anthony,US,78.49,clear sky,45.0205,-93.21799999999999,"Holiday Inn Express Roseville-St. Paul, an IHG Hotel"
136,Victoria,HK,81.32,moderate rain,22.2855,114.1577,Mini Hotel Central
141,Conakry,GN,80.67,clear sky,9.538,-13.6773,Riviera Royal Hotel
143,Namatanai,PG,81.91,light rain,-3.6667,152.4333,Seagulls Inn Namatani
149,Odweyne,SO,75.04,few clouds,9.4092,45.06399999999999,Eng Hiirey House
154,Vung Tau,VN,82.6,light rain,10.345999999999998,107.0843,Green hotel
164,Mulatupo,PA,80.78,overcast clouds,8.9492,-77.7652,Hostal Nuevo Sasardí
173,Pemangkat,ID,78.89,overcast clouds,1.1667,108.9667,Ramah Kost KITA
177,Winnemucca,US,84.25,clear sky,40.973,-117.7357,Winners Inn Casino
179,Manaure,CO,85.39,overcast clouds,11.7751,-72.4445,Hotel Palaaima
182,Katobu,ID,76.1,overcast clouds,-4.9408,122.5276,La Ode Husein
187,Weligama,LK,79.86,overcast clouds,5.9667,80.4167,Weligama Bay Resort
190,Avarua,CK,77.05,few clouds,-21.2078,-159.775,Paradise Inn
191,Ravar,IR,80.62,clear sky,31.2656,56.8055,computertik
192,Kavieng,PG,81.95,overcast clouds,-2.5744,150.7967,Nusa Island Retreat
194,Anori,BR,82.38,scattered clouds,-3.7728,-61.6442,Novo Hotel 05 Irmaos
197,Kiunga,PG,75.99,overcast clouds,-6.1219,141.2906,Airport Lodge Kiunga
198,Gat,IL,75.4,clear sky,31.61,34.7642,OlusHome
199,Padang,ID,77.04,broken clouds,-0.9492,100.3543,Mercure Padang
202,Trairi,BR,79.34,clear sky,-3.2778,-39.2689,janelas do mar
207,Paka,MY,76.98,overcast clouds,4.6374,103.4368,RUMBIA RESORT VILLA
213,Monrovia,LR,76.77,light rain,6.3005,-10.7969,Sunset Inn
217,Moundou,TD,78.62,overcast clouds,8.5667,16.0833,Planete Life
220,Gombe,NG,79.52,broken clouds,10.2897,11.1673,Shinani Lodge
237,Araceli,PH,82.51,heavy intensity rain,10.5529,119.9913,JBryan Traveler's Inn
240,Santa Isabel Do Rio Negro,BR,78.46,broken clouds,-0.4139,-65.0192,Hotel GSA
247,Leo,BF,81.99,overcast clouds,11.1,-2.1,Hotel Sissilis
249,Kyaikto,MM,79.54,overcast clouds,17.3,97.0167,နီလာ တည်းခိုခန်း
254,Salalah,OM,82.49,scattered clouds,17.0151,54.0924,HAMDAN PLAZA HOTEL SALALAH
255,Sinjhoro,PK,84.33,clear sky,26.0303,68.809,adil Mobile shop
269,Manadhoo,MV,82.89,overcast clouds,5.7667,73.3833,Vevu Guesthouse
276,Port Blair,IN,82.0,few clouds,11.6667,92.75,"Welcomhotel By ITC Hotels, Bay Island, Port Blair"
277,Lompoc,US,75.11,overcast clouds,34.6391,-120.4579,"Holiday Inn Express Lompoc, an IHG Hotel"
278,Sinnamary,GF,77.56,overcast clouds,5.3833,-52.95,ALETHEIA Appartement Sinnamary
280,Samarai,PG,79.03,broken clouds,-10.6167,150.6667,Nuli Sapi
281,Soyo,AO,76.75,broken clouds,-6.1349,12.3689,Hotel Mpampa
286,Dwarka,IN,82.92,few clouds,22.2394,68.9678,Hotel Narayan Avezika Comfort
287,Bathsheba,BB,81.21,scattered clouds,13.2167,-59.5167,Atlantis Hotel
290,Hay River,CA,75.18,broken clouds,60.8156,-115.7999,Ptarmigan Inn
291,Fasa,IR,79.84,clear sky,28.9383,53.6482,Fasa University Boys' Dormitory
293,Awbari,LY,85.24,clear sky,26.5921,12.7805,فندق أوباري
298,Ugoofaaru,MV,83.08,broken clouds,5.6667,73.0,Ungoofaaru Inn
303,Makakilo City,US,86.61,clear sky,21.3469,-158.0858,Marriott's Ko Olina Beach Club
304,Pundaguitan,PH,80.6,light rain,6.3711,126.1689,Leonardo Family Beach House 1
305,Kolondieba,ML,80.42,light rain,11.0882,-6.8926,Hotel Dakan
308,Eyl,SO,79.45,overcast clouds,7.9803,49.8164,Amiin Hotel
309,Camocim,BR,78.62,broken clouds,-2.9022,-40.8411,Hotel Ilha do Amor
314,Yangjiang,CN,86.95,overcast clouds,21.85,111.9667,HUALUXE Yangjiang City Center
321,Kudahuvadhoo,MV,82.96,broken clouds,2.6708,72.8944,Niyama Private Islands Maldives
327,Ormara,PK,83.7,clear sky,25.2088,64.6357,Crystal Beach and Camping Resort Ormara
331,Tefe,BR,87.91,few clouds,-3.3542,-64.7114,Aracati Hotel
334,Mana,GF,76.78,light rain,5.6592,-53.7767,LE SAMANA
339,Bousse,BF,89.17,overcast clouds,12.6606,-1.8922,Maison d'hôtes EBEN-EZER DE BOUSSE
344,Tabuk,PH,78.76,overcast clouds,17.4189,121.4443,Golden Berries Hotel and Convention
349,Kloulklubed,PW,82.9,overcast clouds,7.0419,134.2556,Storyboard Beach Resort
350,Moses Lake,US,89.96,clear sky,47.1301,-119.2781,Ramada by Wyndham Moses Lake
353,Luanda,AO,77.0,broken clouds,-8.8368,13.2343,LANDU MARINEZA LUFUANDU TONI
355,Cayenne,GF,77.09,light rain,4.9333,-52.3333,Hôtel Le Dronmi
356,Bonthe,SL,77.94,light rain,7.5264,-12.505,Bonthe Holiday Village
357,Sabana Grande De Boya,DO,81.1,overcast clouds,18.945,-69.7933,Balcones De Boya
358,Banjar,ID,75.06,broken clouds,-8.19,114.9675,The Hamsa Resort
359,Houston,US,86.45,scattered clouds,29.7633,-95.3633,"Hotel ICON, Autograph Collection"
364,Isla Mujeres,MX,87.85,scattered clouds,21.2311,-86.73100000000001,Hotel La Joya Isla Mujeres
369,Dicabisagan,PH,81.48,overcast clouds,17.0818,122.4157,Nancy Montanes Bernardo
370,Tautira,PF,86.02,scattered clouds,-17.7333,-149.15,Pension Oaoa
373,Touros,BR,79.7,clear sky,-5.1989,-35.4608,INN NEW HORIZON
384,Kantunilkin,MX,87.64,scattered clouds,21.0917,-87.45,Posada Paraiso
389,Daru,PG,78.75,broken clouds,-9.0763,143.2092,Daru Lodge
390,Orocue,CO,78.46,scattered clouds,4.7912,-71.3354,Hotel Brisas de San Miguel
394,San Patricio,US,88.21,overcast clouds,28.017,-97.5169,"Motel 6 Sinton, TX"
402,Casambalangan,PH,81.7,broken clouds,18.3765,122.1274,Villa Saturnina
404,Amarante Do Maranhao,BR,75.42,clear sky,-5.5667,-46.7422,Hotéis Caçulinha
405,Inirida,CO,76.03,overcast clouds,3.8653,-67.9239,Fuente del Guania Hotel de Lujo
407,Matara,LK,79.57,overcast clouds,5.9485,80.5353,Amaloh Boutique Resort
415,Sorong,ID,79.3,overcast clouds,-0.8833,131.25,waigo splash hotel
416,Portland,US,89.37,broken clouds,45.5234,-122.6762,Embassy Suites by Hilton Portland Downtown
420,San Luis De Palenque,CO,78.69,broken clouds,5.4214,-71.7317,Hotel Palenque Los Cubarros
422,Kavaratti,IN,83.59,overcast clouds,10.5669,72.642,Hotels in Lakshadweep Islands
423,Dongli,CN,76.98,mist,23.5656,116.8194,Chenghai Shizhang Donghuaqiao Hostel
425,Waddan,LY,79.07,clear sky,29.1614,16.139,محل الشريف محمد العايب
426,Kaohsiung,TW,80.1,broken clouds,22.6163,120.3133,御宿商旅-中山館
430,Ambon,ID,75.34,scattered clouds,-3.6954,128.1814,Swiss-Belhotel Ambon
433,Manokwari,ID,77.41,overcast clouds,-0.8667,134.0833,Swiss Belhotel Manokwari
440,Faya,SA,75.31,clear sky,18.3851,42.4509,مقبرة ال مجمل
443,Russell,US,85.28,clear sky,32.3502,-85.1999,Macs
445,Curuca,BR,75.0,scattered clouds,-0.7289,-47.8481,Hotel Curuça
446,Bac Lieu,VN,81.16,overcast clouds,9.285,105.7244,Khách sạn Sài Gòn Bạc Liêu
448,Abu Zabad,SD,89.73,scattered clouds,12.35,29.25,حامد محمد نور
449,Pembroke,CA,75.18,broken clouds,45.8168,-77.1162,Econo Lodge Inn & Suites
454,Karaton,ID,79.95,overcast clouds,-6.3424,106.1045,Parkir Mobil Wisata CAS Water Park
457,Abu Dhabi,AE,87.91,clear sky,24.4667,54.3667,Ramee Garden Hotel Apartments
458,Mazatlan,MX,89.56,broken clouds,23.2167,-106.4167,Hotel Club Playamar
460,Isangel,VU,77.11,broken clouds,-19.55,169.2667,Tanna Lodge
464,Tamale,GH,75.6,light rain,9.4008,-0.8393,Tap Hotel
472,Rincon,US,82.85,broken clouds,32.296,-81.2354,Days Inn Rincon
473,Auki,SB,83.35,overcast clouds,-8.7676,160.7034,Auki Motel
475,Nhulunbuy,AU,77.61,overcast clouds,-12.2333,136.7667,East Arnhem Real Estate
477,Miles City,US,79.77,clear sky,46.4083,-105.8406,FairBridge Inn & Suites Miles City
478,Chaohu,CN,75.04,clear sky,31.6,117.8667,Shell Hefei Chaohu Railway Station Wanda Plaza Hotel
484,Vanimo,PG,79.48,light rain,-2.6741,141.3028,Vahmoneh Lodge Vanimo
487,The Valley,AI,81.1,clear sky,18.217,-63.0578,CeBlue Villas & Beach Resort
490,Merritt,CA,79.45,overcast clouds,50.1123,-120.7942,Ramada Limited Merritt
493,Diu,IN,82.15,clear sky,20.7141,70.9822,Hotel Relax Inn
503,Hambantota,LK,79.68,overcast clouds,6.1241,81.1185,Bungalow 63
505,Muisne,EC,80.71,overcast clouds,0.6,-80.0333,Quinta Samay
507,Galveston,US,85.12,few clouds,29.3669,-94.9669,Comfort Inn & Suites Texas City
509,Bubaque,GW,78.35,overcast clouds,11.2833,-15.8333,"Casa Dora, Bubaque"
510,Sakakah,SA,85.57,clear sky,29.9697,40.2064,Fakhamat Al Orjoana Apartment
513,Rosetown,CA,78.91,overcast clouds,51.5501,-108.0014,Travelodge by Wyndham Rosetown
514,Mamallapuram,IN,77.05,overcast clouds,12.6264,80.1722,Radisson Blu Resort Temple Bay Mamallapuram
516,Meulaboh,ID,76.23,overcast clouds,4.1363,96.1285,Kost Pria
519,Zhuhai,CN,81.05,heavy intensity rain,22.2769,113.5678,Nanyang Seascape Hotel Zhuhai Hotel
521,Turayf,SA,79.05,clear sky,31.6725,38.6637,Swiss Spirit Hotel & Suites Turaif
522,Wanxian,CN,76.84,broken clouds,30.8039,108.3897,7Days Inn Chongqing Shiqiaopu
524,High Rock,BS,80.62,scattered clouds,26.6208,-78.2833,Hideaway Bahamas Beach Club
531,Dapaong,TG,86.47,broken clouds,10.8639,0.205,Hotel Caroli
534,Alta Floresta,BR,78.62,clear sky,-9.8756,-56.0861,Floresta Amazonica Hotel
536,Itaituba,BR,89.76,few clouds,-4.2761,-55.9836,Hotel Campos
537,Lufilufi,WS,87.58,few clouds,-13.8745,-171.5986,Leuaina Beach Resort and Spa
539,Maryville,US,80.85,broken clouds,35.7565,-83.9705,"Holiday Inn Express & Suites Alcoa (Knoxville Airport), an IHG Hotel"
541,Atar,MR,89.71,overcast clouds,20.5169,-13.0499,Oumou Elghoura
545,Presidente Medici,BR,75.99,scattered clouds,-11.1753,-61.9014,Oliveira Palace Hotel
547,Bull Savanna,JM,79.14,overcast clouds,17.8868,-77.5902,Big Red's
552,Mayumba,GA,76.23,overcast clouds,-3.432,10.6554,LIKWALE LODGE
554,Fort Nelson,CA,76.59,broken clouds,58.8053,-122.7002,The Fort Nelson Hotel
573,Nago,JP,77.07,overcast clouds,26.5881,127.9761,Hotel Yugaf Inn Okinawa
576,Kulhudhuffushi,MV,82.27,overcast clouds,6.6221,73.07,Haajy Guest House 1
585,Chilmari,BD,76.51,overcast clouds,25.5559,89.6715,Naimul islam Badhon hotel
590,Tecoanapa,MX,87.44,scattered clouds,16.5167,-98.75,Hotel Manglares
599,Belmonte,BR,77.5,scattered clouds,-15.8631,-38.8828,Pousada Monte Carmelo O Pão
601,Fort Wellington,GY,77.47,overcast clouds,6.4,-57.6,TE'AMO Entertainment Park
606,San Cristobal,VE,77.18,broken clouds,7.7669,-72.225,Posada Villaven C.A.
613,Paracuru,BR,81.1,few clouds,-3.41,-39.0306,Hotel Vento Brasil
618,Codajas,BR,79.86,clear sky,-3.8367,-62.0569,Hotel Tamires
621,Maiduguri,NG,89.08,broken clouds,11.8464,13.1603,Kagel Mari Police Station
625,Coruripe,BR,75.63,few clouds,-10.1256,-36.1756,Pousada e Hotel Litoral Sul
629,Bansdih,IN,85.42,scattered clouds,25.8833,84.2167,Shivam Fast Food Bansdih Badi Bazzar
631,Pochutla,MX,85.05,broken clouds,15.7432,-96.4661,Hotel Posada San Jose
632,Pathein,MM,79.84,overcast clouds,16.7833,94.7333,New Pammawaddy Hotel
637,Kathu,TH,83.62,scattered clouds,7.9178,98.3332,Novotel Phuket Resort
639,Bairiki,KI,84.2,light rain,1.3292,172.9752,Tarawa Boutique Hotel
644,North Bend,US,88.95,clear sky,43.4065,-124.2243,Red Lion Hotel Coos Bay
650,Oranjestad,AW,84.15,few clouds,12.524000000000001,-70.027,Divi Village Golf & Beach Resort
651,Ipora,BR,76.39,overcast clouds,-16.4419,-51.1178,Oásis Motel
